time,servertime,latitude,longitude,HDT,SOG,COG,TWA,TWD,Heel,Trim Fore / Aft,VMG,GPS Satellites,GPS HAcc,Battery Charge,Battery 1 Voltage,Battery 1 Temperature,SOG_kts,VMG_kts,Fase,Regatista
2026-09-22 17:48:26.700,2026-09-22 17:32:44.457,37.748015,-0.829087,334.99,10.20868,43.74,87.92,131.65,70.98,-29.25,0.3719202,16,0.376,55,3.811,-241.0,19.844040531199997,0.7229533615679999,Través,2026-09-22-Alexkite
2026-09-22 17:48:27.700,2026-09-22 17:32:44.457,37.74802,-0.828997,6.25,9.004385,74.32,57.33,131.65,67.59,-34.38,4.861293,16,0.376,55,3.811,-241.0,17.503083738399997,9.44957578512,Ceñida,2026-09-22-Alexkite
2026-09-22 17:48:28.800,2026-09-22 17:32:44.457,37.748032,-0.828887,2.61,8.143102,83.74,47.91,131.65,68.32,-35.81,5.458537,16,0.376,55,3.812,-241.0,15.828887391680002,10.61052256208,Transición,2026-09-22-Alexkite
2026-09-22 17:48:29.700,2026-09-22 17:32:44.457,37.748036,-0.828791,6.34,8.897573,82.88,48.77,131.65,74.11,-31.07,5.864183,16,0.3718,55,3.809,-241.0,17.29545830032,11.39903348272,Ceñida,2026-09-22-Alexkite
2026-09-22 17:48:30.800,2026-09-22 17:32:44.457,37.74804,-0.82867,8.26,9.440717,87.85,43.8,131.65,71.5,-31.52,6.813511,16,0.3718,55,3.809,-241.1,18.35124333328,13.24437522224,Ceñida,2026-09-22-Alexkite
2026-09-22 17:48:31.800,2026-09-22 17:32:44.457,37.748041,-0.828557,10.79,9.531323,87.95,43.7,131.65,73.92,-29.74,6.889881,16,0.3799,55,3.811,-241.0,18.52736690032,13.39282628304,Ceñida,2026-09-22-Alexkite
2026-09-22 17:48:32.700,2026-09-22 17:32:44.458,37.748042,-0.828452,10.05,9.787365,89.72,41.94,131.65,74.94,-32.7,7.280642,16,0.386,55,3.809,-241.0,19.0250715816,14.152403145280001,Ceñida,2026-09-22-Alexkite
2026-09-22 17:48:33.800,2026-09-22 17:32:44.458,37.748042,-0.828325,10.93,10.20729,89.48,42.18,131.65,75.9,-28.88,7.564202,15,0.3928,55,3.811,-241.1,19.8413385936,14.70359841568,Ceñida,2026-09-22-Alexkite
2026-09-22 17:48:34.800,2026-09-22 17:32:44.458,37.74804,-0.828208,11.53,10.23622,90.26,41.4,131.65,79.16,-29.17,7.678896,16,0.3999,55,3.812,-241.0,19.8975738848,14.92654520064,Ceñida,2026-09-22-Alexkite
2026-09-22 17:48:35.700,2026-09-22 17:32:44.458,37.748039,-0.828103,13.58,10.23202,91.55,40.1,131.65,77.86,-31.47,7.827144,16,0.4048,55,3.812,-241.0,19.8894097568,15.21471559296,Ceñida,2026-09-22-Alexkite
2026-09-22 17:48:36.800,2026-09-22 17:32:44.458,37.748035,-0.827975,15.33,10.21113,91.84,39.8,131.65,79.68,-29.99,7.843909,15,0.4099,55,3.811,-240.9,19.848802939200002,15.24730407056,Ceñida,2026-09-22-Alexkite
2026-09-22 17:48:37.800,2026-09-22 17:32:44.459,37.748029,-0.82786,16.19,10.19173,92.72,38.94,131.65,79.29,-30.3,7.927607,16,0.4148,55,3.811,-241.0,19.8110924432,15.40999959088,Ceñida,2026-09-22-Alexkite
2026-09-22 17:48:38.800,2026-09-22 17:32:44.459,37.748023,-0.827743,17.57,10.17817,93.76,37.88,131.65,81.5,-31.36,8.032866,16,0.4199,55,3.811,-241.1,19.784733972799998,15.614606245440001,Ceñida,2026-09-22-Alexkite
2026-09-22 17:48:39.800,2026-09-22 17:32:44.459,37.748018,-0.827627,18.83,10.2846,94.38,37.28,131.65,79.96,-33.14,8.183442,16,0.4238,55,3.811,-241.0,19.991616863999997,15.907301897279998,Ceñida,2026-09-22-Alexkite
2026-09-22 17:48:40.800,2026-09-22 17:32:44.459,37.748017,-0.827511,16.67,10.2743,93.05,38.61,131.65,77.69,-37.13,8.028787,16,0.428,55,3.809,-241.1,19.971595312,15.60667732208,Ceñida,2026-09-22-Alexkite
2026-09-22 17:48:41.800,2026-09-22 17:32:44.459,37.748018,-0.827394,15.62,10.17594,90.64,41.01,131.65,78.59,-36.15,7.677998,15,0.4299,55,3.809,-241.2,19.780399209600002,14.92479963232,Ceñida,2026-09-22-Alexkite
2026-09-22 17:48:42.800,2026-09-22 17:32:44.46,37.748017,-0.827276,14.6,10.33922,89.78,41.87,131.65,79.71,-35.32,7.699683,16,0.4338,55,3.812,-241.1,20.0977894048,14.96695180272,Ceñida,2026-09-22-Alexkite
2026-09-22 17:48:43.800,2026-09-22 17:32:44.46,37.748018,-0.827155,14.4,10.42973,90.32,41.33,131.65,79.91,-36.16,7.831965,15,0.4338,55,3.812,-241.0,20.273726363199998,15.2240868456,Ceñida,2026-09-22-Alexkite
2026-09-22 17:48:44.800,2026-09-22 17:32:44.46,37.748018,-0.827033,13.99,10.55314,89.54,42.11,131.65,77.96,-38.12,7.828492,16,0.4338,56,3.812,-241.0,20.513615657600003,15.21733588928,Ceñida,2026-09-22-Alexkite
2026-09-22 17:48:45.800,2026-09-22 17:32:44.46,37.748019,-0.82691,16.39,10.81128,89.95,41.71,131.65,77.26,-38.35,8.071798,16,0.4338,55,3.811,-241.0,21.0153985152,15.690283824319998,Ceñida,2026-09-22-Alexkite
2026-09-22 17:48:46.700,2026-09-22 17:32:44.46,37.748017,-0.826799,15.02,10.82717,89.9,41.75,131.65,79.63,-34.15,8.077695,16,0.4319,55,3.811,-241.1,21.046286132800002,15.7017466488,Ceñida,2026-09-22-Alexkite
2026-09-22 17:48:47.500,2026-09-22 17:32:44.46,37.748015,-0.826701,16.01,10.86296,90.68,40.97,131.65,79.16,-34.89,8.202389,16,0.4309,55,3.812,-240.9,21.1158561664,15.94413183376,Ceñida,2026-09-22-Alexkite
2026-09-22 17:48:48.800,2026-09-22 17:32:44.461,37.748011,-0.826541,15.86,10.81408,91.71,39.95,131.65,80.24,-33.07,8.290009,16,0.428,55,3.811,-241.0,21.0208412672,16.11445109456,Ceñida,2026-09-22-Alexkite
2026-09-22 17:48:49.800,2026-09-22 17:32:44.461,37.74801,-0.826417,14.9,10.79853,90.65,41.0,131.65,80.73,-34.22,8.149642,16,0.4238,55,3.811,-241.1,20.9906145552,15.84160010528,Ceñida,2026-09-22-Alexkite
2026-09-22 17:48:50.800,2026-09-22 17:32:44.461,37.748009,-0.826292,15.29,10.97548,89.99,41.66,131.65,81.24,-36.18,8.199477,16,0.4258,55,3.811,-241.0,21.3345770432,15.93847137168,Ceñida,2026-09-22-Alexkite
2026-09-22 17:48:51.600,2026-09-22 17:32:44.461,37.74801,-0.826193,15.13,10.99207,90.42,41.23,131.65,80.36,-34.04,8.266037,16,0.4268,55,3.812,-241.0,21.3668253488,16.06785336208,Ceñida,2026-09-22-Alexkite
2026-09-22 17:48:52.800,2026-09-22 17:32:44.462,37.748007,-0.826044,15.58,10.99249,90.05,41.61,131.65,80.92,-35.34,8.219681,16,0.4299,55,3.812,-241.2,21.3676417616,15.97774471504,Ceñida,2026-09-22-Alexkite
2026-09-22 17:48:53.800,2026-09-22 17:32:44.462,37.748004,-0.82592,16.62,10.91171,91.54,40.11,131.65,81.43,-34.94,8.344877,16,0.428,55,3.811,-241.0,21.2106183664,16.22110570768,Ceñida,2026-09-22-Alexkite
2026-09-22 17:48:54.800,2026-09-22 17:32:44.462,37.748005,-0.825796,15.75,10.83959,91.29,40.37,131.65,80.04,-35.46,8.258693,16,0.4268,55,3.811,-241.1,21.070428625599998,16.05357780112,Ceñida,2026-09-22-Alexkite
2026-09-22 17:48:55.700,2026-09-22 17:32:44.462,37.748008,-0.825685,13.49,10.94569,89.39,42.27,131.65,78.05,-34.37,8.099836,16,0.4258,55,3.811,-241.0,21.276670049600003,15.74478521024,Ceñida,2026-09-22-Alexkite
2026-09-22 17:48:56.800,2026-09-22 17:32:44.463,37.748014,-0.825549,12.73,10.93535,88.59,43.07,131.65,79.43,-33.2,7.989228,16,0.4238,55,3.811,-241.2,21.256570744,15.52978095552,Ceñida,2026-09-22-Alexkite
2026-09-22 17:48:57.800,2026-09-22 17:32:44.463,37.748017,-0.825424,11.84,10.91326,87.59,44.07,131.65,79.66,-33.7,7.841928,16,0.4219,55,3.811,-241.2,21.213631318399997,15.24345332352,Ceñida,2026-09-22-Alexkite
2026-09-22 17:48:58.800,2026-09-22 17:32:44.463,37.74802,-0.825299,12.68,10.97537,88.28,43.36,131.65,79.37,-34.93,7.978575,16,0.4189,55,3.809,-240.9,21.3343632208,15.509073228,Ceñida,2026-09-22-Alexkite
2026-09-22 17:48:59.800,2026-09-22 17:32:44.463,37.748021,-0.825173,12.11,11.08661,88.09,43.56,131.65,81.03,-31.24,8.033865,16,0.4238,55,3.811,-241.0,21.5505959824,15.616548141600001,Ceñida,2026-09-22-Alexkite
2026-09-22 17:49:00.800,2026-09-22 17:32:44.463,37.748022,-0.825048,13.59,11.10894,88.86,42.79,131.65,80.4,-33.71,8.151959,16,0.4299,55,3.811,-241.1,21.5940019296,15.846103982559999,Ceñida,2026-09-22-Alexkite
2026-09-22 17:49:01.800,2026-09-22 17:32:44.463,37.748021,-0.824925,13.9,11.05839,89.84,41.82,131.65,76.62,-38.38,8.241789,16,0.4368,55,3.812,-241.1,21.495740817599998,16.02071912976,Ceñida,2026-09-22-Alexkite
2026-09-22 17:49:02.800,2026-09-22 17:32:44.464,37.748026,-0.824812,13.44,10.56377,89.67,41.98,131.65,80.75,-38.27,7.852564,16,0.4399,55,3.811,-241.1,20.5342786768,15.26412800576,Ceñida,2026-09-22-Alexkite
2026-09-22 17:49:03.800,2026-09-22 17:32:44.464,37.748025,-0.824709,8.08,9.751237,85.5,46.15,131.65,81.77,-39.21,6.754937,16,0.439,55,3.809,-241.0,18.95484453008,13.13051673808,Ceñida,2026-09-22-Alexkite
2026-09-22 17:49:04.800,2026-09-22 17:32:44.464,37.747991,-0.824647,58.03,8.631695,96.7,34.95,131.65,49.71,-69.56,7.074812,16,0.4248,55,3.811,-241.0,16.7786340088,13.75230255808,Transición,2026-09-22-Alexkite
2026-09-22 17:49:05.800,2026-09-22 17:32:44.464,37.747945,-0.82463,146.96,6.173369,134.16,-2.5,131.65,-2.18,-73.22,6.16748,16,0.4019,55,3.811,-241.1,12.000041596960001,11.988594323200001,Transición,2026-09-22-Alexkite
2026-09-22 17:49:06.800,2026-09-22 17:32:44.464,37.747894,-0.824629,180.21,5.270697,171.29,-39.64,131.65,-25.28,-75.84,4.058868,16,0.3828,55,3.811,-241.1,10.24539165648,7.889789973120001,Transición,2026-09-22-Alexkite
2026-09-22 17:49:07.800,2026-09-22 17:32:44.465,37.747838,-0.824637,193.11,5.833041,180.46,-48.8,131.65,-67.83,-43.19,3.84192,16,0.386,55,3.811,-240.9,11.33849841744,7.4680777728,Transición,2026-09-22-Alexkite
2026-09-22 17:49:08.800,2026-09-22 17:32:44.465,37.747772,-0.824653,262.03,6.513193,186.51,-54.87,131.65,-77.72,-32.73,3.748629,16,0.3918,55,3.809,-241.1,12.66060508112,7.286734995360001,Transición,2026-09-22-Alexkite
2026-09-22 17:49:09.800,2026-09-22 17:32:44.465,37.747701,-0.824665,261.0,7.564149,187.87,-56.22,131.65,-76.92,-32.92,4.205435,16,0.4038,55,3.809,-241.1,14.703495392159999,8.1746927704,Transición,2026-09-22-Alexkite
2026-09-22 17:49:10.700,2026-09-22 17:32:44.465,37.747628,-0.824673,260.63,8.330542,187.77,-56.13,131.65,-77.09,-33.96,4.643176,16,0.4148,55,3.811,-241.0,16.19324076128,9.02559123584,Transición,2026-09-22-Alexkite
2026-09-22 17:49:11.800,2026-09-22 17:32:44.465,37.747536,-0.824672,252.78,9.192834,181.98,-50.33,131.65,-77.86,-34.62,5.868824,16,0.4268,55,3.809,-241.1,17.869398442559998,11.40805484416,Ceñida,2026-09-22-Alexkite
2026-09-22 17:49:12.800,2026-09-22 17:32:44.466,37.747448,-0.824666,249.06,9.399317,178.63,-46.98,131.65,-77.71,-36.74,6.412834,16,0.438,55,3.807,-241.0,18.27076835728,12.46552324256,Ceñida,2026-09-22-Alexkite
2026-09-22 17:49:13.800,2026-09-22 17:32:44.466,37.74736,-0.824653,243.22,9.831507,174.74,-43.1,131.65,-79.57,-34.26,7.179049,16,0.4458,55,3.811,-241.1,19.110876566880002,13.95492260816,Ceñida,2026-09-22-Alexkite
2026-09-22 17:49:14.800,2026-09-22 17:32:44.466,37.747272,-0.824647,243.16,9.743975,173.93,-42.28,131.65,-79.43,-37.94,7.209748,16,0.4548,55,3.812,-241.1,18.940728364,14.01459655232,Ceñida,2026-09-22-Alexkite
2026-09-22 17:49:15.800,2026-09-22 17:32:44.466,37.747182,-0.824642,246.49,9.975411,176.91,-45.27,131.65,-80.69,-33.39,7.021477,16,0.4639,55,3.812,-241.0,19.39060291824,13.64862785168,Ceñida,2026-09-22-Alexkite
2026-09-22 17:49:16.800,2026-09-22 17:32:44.466,37.747092,-0.824639,248.0,10.07892,177.41,-45.76,131.65,-82.09,-34.18,7.031899,16,0.4729,55,3.811,-241.0,19.5918078528,13.66888655216,Ceñida,2026-09-22-Alexkite
2026-09-22 17:49:17.800,2026-09-22 17:32:44.467,37.747001,-0.824631,247.55,10.13705,177.18,-45.53,131.65,-80.74,-38.09,7.100904,16,0.48,55,3.812,-241.2,19.704803272,13.80302123136,Ceñida,2026-09-22-Alexkite
2026-09-22 17:49:18.800,2026-09-22 17:32:44.467,37.746909,-0.824623,245.17,10.10446,175.89,-41.25,134.64,-82.06,-35.9,7.596685,16,0.4888,55,3.811,-241.1,19.6414535264,14.7667401704,Ceñida,2026-09-22-Alexkite
2026-09-22 17:49:19.800,2026-09-22 17:32:44.467,37.746818,-0.824614,243.85,10.23822,175.15,-40.51,134.64,-83.21,-37.52,7.783769,16,0.4939,55,3.811,-241.4,19.9014615648,15.13040153296,Ceñida,2026-09-22-Alexkite
2026-09-22 17:49:20.800,2026-09-22 17:32:44.467,37.746723,-0.824609,246.28,10.25691,175.45,-40.82,134.64,-81.63,-37.78,7.763028,16,0.4968,55,3.812,-241.0,19.9377919344,15.090084347520001,Ceñida,2026-09-22-Alexkite
2026-09-22 17:49:21.800,2026-09-22 17:32:44.467,37.74663,-0.824607,246.02,10.34575,177.05,-42.42,134.64,-82.28,-34.79,7.637582,16,0.5059,55,3.811,-241.1,20.11048268,14.846237394880001,Ceñida,2026-09-22-Alexkite
2026-09-22 17:49:22.800,2026-09-22 17:32:44.467,37.746539,-0.824606,250.91,10.40939,179.68,-45.03,134.64,-80.44,-37.81,7.355958,16,0.5156,55,3.809,-241.1,20.2341886576,14.29880539872,Ceñida,2026-09-22-Alexkite
2026-09-22 17:49:23.800,2026-09-22 17:32:44.468,37.746447,-0.824605,249.12,10.12663,180.12,-45.48,134.64,-81.75,-37.97,7.09993,16,0.5176,55,3.811,-241.0,19.684548459200002,13.8011279312,Ceñida,2026-09-22-Alexkite
2026-09-22 17:49:24.800,2026-09-22 17:32:44.468,37.746354,-0.824605,248.97,10.21799,179.86,-45.22,134.64,-82.32,-38.8,7.196782,16,0.5239,55,3.811,-241.1,19.8621376816,13.98939272288,Ceñida,2026-09-22-Alexkite
2026-09-22 17:49:25.800,2026-09-22 17:32:44.468,37.746261,-0.824605,249.51,10.35542,179.7,-45.06,134.64,-82.37,-40.3,7.315084,16,0.5298,55,3.812,-240.9,20.1292796128,14.219352882559999,Ceñida,2026-09-22-Alexkite
2026-09-22 17:49:26.800,2026-09-22 17:32:44.468,37.746168,-0.824606,250.3,10.37421,179.88,-45.24,134.64,-81.94,-41.84,7.304312,16,0.5317,55,3.811,-241.0,20.1658043664,14.19841383808,Ceñida,2026-09-22-Alexkite
2026-09-22 17:49:27.800,2026-09-22 17:32:44.468,37.746074,-0.824606,248.67,10.44357,179.66,-45.03,134.64,-83.03,-38.31,7.380454,16,0.5337,55,3.811,-241.2,20.3006291088,14.34642170336,Ceñida,2026-09-22-Alexkite
2026-09-22 17:49:28.500,2026-09-22 17:32:44.469,37.746007,-0.824606,249.54,10.48661,180.04,-45.4,134.64,-84.21,-39.54,7.363242,16,0.5376,55,3.811,-241.1,20.3842919824,14.31296432928,Ceñida,2026-09-22-Alexkite
2026-09-22 17:49:29.800,2026-09-22 17:32:44.469,37.745884,-0.824604,249.92,10.54439,179.28,-44.65,134.64,-83.52,-40.61,7.501678,16,0.543,55,3.809,-241.1,20.4966070576,14.58206176352,Ceñida,2026-09-22-Alexkite
2026-09-22 17:49:30.800,2026-09-22 17:32:44.469,37.745792,-0.824605,248.92,10.37383,179.39,-44.75,134.64,-84.38,-41.67,7.36686,16,0.5396,55,3.809,-241.0,20.1650657072,14.3199971424,Ceñida,2026-09-22-Alexkite
2026-09-22 17:49:31.800,2026-09-22 17:32:44.469,37.745706,-0.824605,253.22,10.11606,180.83,-46.19,134.64,-85.84,-38.35,7.003036,16,0.5396,55,3.811,-241.1,19.6640020704,13.61278149824,Ceñida,2026-09-22-Alexkite
2026-09-22 17:49:32.600,2026-09-22 17:32:44.469,37.745648,-0.82459,229.48,9.428931,178.35,-43.72,134.64,-43.35,-77.02,6.815513,16,0.5308,55,3.811,-241.1,18.328333235040002,13.24826678992,Ceñida,2026-09-22-Alexkite
2026-09-22 17:49:33.800,2026-09-22 17:32:44.469,37.745596,-0.824547,145.43,7.001677,161.38,-26.74,134.64,-9.55,-82.09,6.252733,15,0.5137,55,3.811,-241.0,13.61013981968,12.15431251472,Transición,2026-09-22-Alexkite
2026-09-22 17:49:34.800,2026-09-22 17:32:44.47,37.745581,-0.82449,112.22,5.480817,130.08,4.55,134.64,15.55,-70.17,5.463539,16,0.4788,55,3.811,-241.1,10.65383131728,10.62024564976,Transición,2026-09-22-Alexkite
2026-09-22 17:49:35.800,2026-09-22 17:32:44.47,37.745564,-0.824428,89.9,5.491652,106.04,28.6,134.64,63.34,-52.46,4.821699,16,0.4368,55,3.812,-241.1,10.67489282368,9.372611384159999,Transición,2026-09-22-Alexkite
2026-09-22 17:49:36.700,2026-09-22 17:32:44.47,37.745568,-0.824366,72.91,5.690993,105.31,29.33,134.64,58.42,-39.08,4.961308,16,0.4158,55,3.812,-241.1,11.06237983312,9.64398894272,Transición,2026-09-22-Alexkite
2026-09-22 17:49:37.800,2026-09-22 17:32:44.47,37.745572,-0.824281,20.49,6.322618,84.86,49.78,134.64,69.95,-33.89,4.08289,16,0.408,55,3.811,-241.2,12.29015777312,7.9364848976,Transición,2026-09-22-Alexkite
2026-09-22 17:49:38.800,2026-09-22 17:32:44.47,37.745577,-0.824193,12.6,7.248028,86.36,48.28,134.64,70.8,-36.28,4.823639,16,0.4028,55,3.809,-241.1,14.08900674752,9.37638243376,Transición,2026-09-22-Alexkite
2026-09-22 17:49:39.800,2026-09-22 17:32:44.471,37.745579,-0.8241,11.5,7.843301,85.89,48.74,134.64,70.92,-29.64,5.1724,16,0.4028,55,3.809,-241.1,15.24612221584,10.054318016,Transición,2026-09-22-Alexkite
2026-09-22 17:49:40.800,2026-09-22 17:32:44.471,37.745576,-0.824,13.68,8.525762,89.17,45.46,134.64,74.45,-30.4,5.97945,16,0.4128,55,3.811,-241.1,16.57271720608,11.623094088,Transición,2026-09-22-Alexkite
2026-09-22 17:49:41.700,2026-09-22 17:32:44.471,37.745571,-0.823908,15.77,8.762197,91.86,42.78,134.64,74.64,-33.61,6.430968,16,0.4199,55,3.809,-241.1,17.03230901648,12.50077283712,Ceñida,2026-09-22-Alexkite
2026-09-22 17:49:42.800,2026-09-22 17:32:44.471,37.745564,-0.823795,17.7,9.018586,93.65,40.99,134.64,64.45,-51.03,6.807366,16,0.4258,55,3.812,-241.1,17.53068821024,13.23243032544,Ceñida,2026-09-22-Alexkite
2026-09-22 17:49:43.800,2026-09-22 17:32:44.471,37.745577,-0.823691,70.38,9.177595,91.49,43.16,134.64,4.93,-70.34,6.695578,16,0.407,55,3.812,-241.0,17.8397762648,13.015132339520001,Ceñida,2026-09-22-Alexkite
2026-09-22 17:49:44.800,2026-09-22 17:32:44.472,37.745638,-0.82361,61.2,9.440892,65.72,68.92,134.64,-9.39,-72.2,3.396195,16,0.3979,55,3.811,-241.0,18.35158350528,6.6016596888,Ceñida,2026-09-22-Alexkite
2026-09-22 17:49:45.800,2026-09-22 17:32:44.472,37.745723,-0.823566,24.83,9.969088,39.0,95.64,134.64,17.11,-69.81,-0.9793888,16,0.3928,55,3.811,-241.1,19.37831201792,-1.9037751249919999,Través,2026-09-22-Alexkite
2026-09-22 17:49:46.800,2026-09-22 17:32:44.472,37.74581,-0.823533,22.25,10.08795,19.92,114.72,134.64,37.1,-75.58,-4.218768,16,0.3889,55,3.811,-241.2,19.609360728,-8.20060998912,Popa,2026-09-22-Alexkite
2026-09-22 17:49:47.800,2026-09-22 17:32:44.472,37.745901,-0.823513,5.34,10.16101,14.07,120.56,134.64,65.5,-45.37,-5.166438,16,0.386,55,3.811,-241.1,19.751377678399997,-10.04272884192,Popa,2026-09-22-Alexkite
2026-09-22 17:49:48.800,2026-09-22 17:32:44.472,37.745999,-0.823494,305.92,10.40831,10.26,124.38,134.64,67.72,-42.54,-5.877018,16,0.3848,55,3.811,-241.1,20.2320893104,-11.423982669119999,Popa,2026-09-22-Alexkite
2026-09-22 17:49:49.700,2026-09-22 17:32:44.473,37.746093,-0.823471,328.37,10.84933,9.26,125.37,134.64,56.35,-57.14,-6.28071,16,0.386,55,3.811,-241.1,21.0893616272,-12.2086953264,Popa,2026-09-22-Alexkite
2026-09-22 17:49:50.800,2026-09-22 17:32:44.473,37.746218,-0.823448,343.28,12.16068,10.27,124.37,134.64,37.08,-72.68,-6.86485,16,0.387,55,3.811,-241.1,23.6384162112,-13.344170024,Popa,2026-09-22-Alexkite
2026-09-22 17:49:51.800,2026-09-22 17:32:44.473,37.746335,-0.823437,13.7,13.00012,7.27,127.36,134.64,28.3,-74.83,-7.888513,16,0.387,55,3.809,-241.1,25.2701532608,-15.33400710992,Popa,2026-09-22-Alexkite
2026-09-22 17:49:52.800,2026-09-22 17:32:44.473,37.746449,-0.823447,7.46,12.85867,0.98,133.66,134.64,22.95,-76.58,-8.877092,16,0.3828,55,3.807,-241.1,24.9951970928,-17.25564651328,Popa,2026-09-22-Alexkite
2026-09-22 17:49:53.800,2026-09-22 17:32:44.473,37.746553,-0.823475,1.21,12.62825,353.89,140.74,134.64,17.38,-73.87,-9.778325,16,0.3799,55,3.807,-241.2,24.54729748,-19.007499268,Popa,2026-09-22-Alexkite
2026-09-22 17:49:54.800,2026-09-22 17:32:44.473,37.746646,-0.823522,354.2,11.40067,344.49,150.14,134.64,-6.21,-75.5,-9.887716,16,0.3779,55,3.809,-241.1,22.1610783728,-19.22013786944,Popa,2026-09-22-Alexkite
2026-09-22 17:49:55.800,2026-09-22 17:32:44.474,37.746717,-0.823593,337.11,10.88167,332.61,162.02,134.64,-25.71,-71.72,-10.35029,16,0.3799,55,3.809,-241.1,21.1522254128,-20.119307713599998,Popa,2026-09-22-Alexkite
2026-09-22 17:49:56.800,2026-09-22 17:32:44.474,37.746762,-0.823676,317.1,9.504332,314.54,-179.91,134.64,-27.47,-72.8,-9.504318,16,0.3909,55,3.807,-241.1,18.47490071488,-18.474873501119998,Popa,2026-09-22-Alexkite
2026-09-22 17:49:57.800,2026-09-22 17:32:44.474,37.746797,-0.823757,305.34,8.730927,304.3,-169.66,134.64,-36.06,-75.2,-8.589031,16,0.4028,55,3.811,-241.0,16.97152513968,-16.695702019040002,Transición,2026-09-22-Alexkite
2026-09-22 17:49:58.800,2026-09-22 17:32:44.474,37.746827,-0.823851,317.32,8.407429,298.19,-163.55,134.64,-42.61,-69.84,-8.063325,16,0.418,55,3.811,-241.1,16.34269678736,-15.673813668000001,Transición,2026-09-22-Alexkite
2026-09-22 17:49:59.800,2026-09-22 17:32:44.474,37.746846,-0.823962,295.84,9.381405,287.89,-153.25,134.64,-38.59,-72.25,-8.378018,16,0.418,55,3.811,-241.1,18.235950295200002,-16.28552650912,Popa,2026-09-22-Alexkite
2026-09-22 17:50:00.800,2026-09-22 17:32:44.475,37.746856,-0.824089,280.6,10.45397,278.61,-143.98,134.64,-40.49,-71.84,-8.454861,16,0.4158,55,3.811,-241.2,20.3208450448,-16.43489700624,Popa,2026-09-22-Alexkite
2026-09-22 17:50:01.800,2026-09-22 17:32:44.475,37.746858,-0.824224,273.35,11.31999,274.82,-140.19,134.64,-37.19,-73.89,-8.695537,16,0.4199,55,3.811,-241.1,22.004249361600003,-16.90273264208,Popa,2026-09-22-Alexkite
2026-09-22 17:50:02.800,2026-09-22 17:32:44.475,37.746866,-0.824366,275.17,12.05115,272.83,-138.2,134.64,-41.07,-74.07,-8.983385,16,0.4209,55,3.811,-241.2,23.425507416,-17.4622630984,Popa,2026-09-22-Alexkite
2026-09-22 17:50:03.800,2026-09-22 17:32:44.475,37.746873,-0.824511,306.64,12.64995,274.25,-139.62,134.64,-70.47,-44.46,-9.635499,16,0.4238,55,3.809,-241.2,24.589478808000003,-18.72986837616,Popa,2026-09-22-Alexkite
2026-09-22 17:50:04.800,2026-09-22 17:32:44.475,37.74688,-0.824659,341.22,12.88332,273.43,-138.79,134.64,-68.25,-48.26,-9.692307,15,0.4338,55,3.807,-241.2,25.0431127488,-18.84029403888,Popa,2026-09-22-Alexkite
2026-09-22 17:50:05.800,2026-09-22 17:32:44.475,37.746886,-0.824811,341.15,13.07034,273.7,-139.07,134.64,-49.07,-71.62,-9.874276,16,0.4429,55,3.811,-241.1,25.4066497056,-19.19401265984,Popa,2026-09-22-Alexkite
2026-09-22 17:50:06.800,2026-09-22 17:32:44.476,37.746893,-0.824966,273.81,13.46887,273.47,-138.83,134.64,-42.21,-77.84,-10.1385,16,0.4468,55,3.811,-241.2,26.1813282608,-19.70762184,Popa,2026-09-22-Alexkite
2026-09-22 17:50:07.800,2026-09-22 17:32:44.476,37.7469,-0.825123,267.85,13.6765,273.43,-138.79,134.64,-51.65,-68.97,-10.28879,16,0.4519,55,3.811,-241.4,26.584927760000003,-19.999761553600003,Popa,2026-09-22-Alexkite
2026-09-22 17:50:08.800,2026-09-22 17:32:44.476,37.746911,-0.825281,288.2,13.83959,273.43,-138.78,134.64,-42.8,-79.27,-10.41085,16,0.4578,55,3.811,-241.1,26.9019486256,-20.237026664,Popa,2026-09-22-Alexkite
2026-09-22 17:50:09.500,2026-09-22 17:32:44.476,37.746922,-0.825392,286.02,13.95092,275.4,-140.76,134.64,-45.36,-79.57,-10.80524,16,0.4619,55,3.809,-240.4,27.1183563328,-21.0036577216,Popa,2026-09-22-Alexkite
2026-09-22 17:50:10.800,2026-09-22 17:32:44.476,37.746944,-0.825603,271.47,14.20775,277.41,-142.77,134.64,-58.38,-64.24,-11.31268,16,0.469,59,3.838,-241.2,27.61759276,-21.990039891200002,Popa,2026-09-22-Alexkite
2026-09-22 17:50:11.700,2026-09-22 17:32:44.476,37.746959,-0.825751,309.03,14.46996,277.55,-142.9,134.64,-59.8,-62.99,-11.54156,16,0.4729,56,3.814,-241.2,28.1272870464,-22.434945990400003,Popa,2026-09-22-Alexkite
2026-09-22 17:50:12.800,2026-09-22 17:32:44.477,37.746979,-0.825931,295.3,14.54204,277.62,-142.99,134.64,-55.43,-69.94,-11.61185,16,0.4758,55,3.811,-241.0,28.2673990336,-22.571578504,Popa,2026-09-22-Alexkite
2026-09-22 17:50:13.600,2026-09-22 17:32:44.477,37.746996,-0.826062,303.09,14.62754,278.74,-144.11,134.64,-66.25,-58.16,-11.84995,16,0.469,55,3.811,-241.0,28.4335973536,-23.034406808,Popa,2026-09-22-Alexkite
2026-09-22 17:50:14.700,2026-09-22 17:32:44.477,37.747019,-0.826239,296.94,14.5996,279.47,-144.83,134.64,-44.05,-81.77,-11.93408,16,0.4519,55,3.811,-241.2,28.379286464,-23.1979420672,Popa,2026-09-22-Alexkite
2026-09-22 17:50:15.800,2026-09-22 17:32:44.477,37.747042,-0.826409,270.84,14.19085,279.74,-145.11,134.64,-41.77,-82.89,-11.63998,16,0.4429,55,3.811,-241.2,27.584741863999998,-22.6262587232,Popa,2026-09-22-Alexkite
2026-09-22 17:50:16.800,2026-09-22 17:32:44.477,37.747061,-0.826563,269.45,13.75455,279.62,-144.98,134.64,-41.44,-83.32,-11.2645,16,0.449,55,3.809,-241.4,26.736644472000002,-21.89638568,Popa,2026-09-22-Alexkite
2026-09-22 17:50:17.700,2026-09-22 17:32:44.478,37.747076,-0.826702,267.92,13.7141,278.92,-144.28,134.64,-54.99,-72.41,-11.1343,16,0.4529,55,3.811,-241.2,26.658016144,-21.643297712,Popa,2026-09-22-Alexkite
2026-09-22 17:50:18.800,2026-09-22 17:32:44.478,37.747089,-0.826872,275.23,13.75301,276.87,-142.23,134.64,-41.16,-82.95,-10.87227,16,0.45,55,3.809,-241.2,26.7336509584,-21.1339533168,Popa,2026-09-22-Alexkite
2026-09-22 17:50:19.800,2026-09-22 17:32:44.478,37.747105,-0.827024,265.39,13.66346,275.95,-141.31,134.64,-39.26,-81.87,-10.66512,16,0.4438,55,3.811,-241.1,26.5595800864,-20.7312868608,Popa,2026-09-22-Alexkite
2026-09-22 17:50:20.800,2026-09-22 17:32:44.478,37.747122,-0.827181,273.39,13.69625,278.79,-144.16,134.64,-47.86,-77.14,-11.10181,16,0.448,55,3.809,-241.1,26.623318599999998,-21.5801423504,Popa,2026-09-22-Alexkite
2026-09-22 17:50:21.700,2026-09-22 17:32:44.478,37.747138,-0.827322,275.16,13.97637,277.27,-142.64,134.64,-41.07,-83.38,-11.10864,16,0.45,55,3.811,-241.1,27.1678270608,-21.5934187776,Popa,2026-09-22-Alexkite
2026-09-22 17:50:22.700,2026-09-22 17:32:44.478,37.747159,-0.827481,269.62,14.02009,278.3,-143.67,134.64,-40.06,-83.96,-11.2945,16,0.4438,55,3.811,-241.2,27.2528117456,-21.954700879999997,Popa,2026-09-22-Alexkite
2026-09-22 17:50:23.800,2026-09-22 17:32:44.479,37.747184,-0.827654,268.81,14.10421,279.57,-144.94,134.64,-41.64,-84.14,-11.54393,16,0.4348,55,3.811,-241.0,27.4163275664,-22.439552891199998,Popa,2026-09-22-Alexkite
2026-09-22 17:50:24.800,2026-09-22 17:32:44.479,37.747204,-0.827809,278.44,14.06918,280.34,-145.69,134.64,-51.51,-76.26,-11.62217,16,0.4329,55,3.812,-241.4,27.348234851199997,-22.591638932800002,Popa,2026-09-22-Alexkite
2026-09-22 17:50:25.800,2026-09-22 17:32:44.479,37.747228,-0.827961,278.58,13.76677,279.76,-145.13,134.64,-41.07,-82.39,-11.29529,16,0.4258,55,3.811,-241.1,26.760398196799997,-21.9562365136,Popa,2026-09-22-Alexkite
2026-09-22 17:50:26.700,2026-09-22 17:32:44.479,37.747247,-0.828099,270.9,13.68093,281.13,-146.49,134.64,-39.26,-82.91,-11.4071,16,0.4238,55,3.811,-241.4,26.5935389712,-22.173577264,Popa,2026-09-22-Alexkite
2026-09-22 17:50:27.800,2026-09-22 17:32:44.479,37.74727,-0.828262,269.61,13.57217,280.1,-145.47,134.64,-39.08,-83.8,-11.18173,16,0.4199,55,3.809,-241.2,26.3821269328,-21.7354940432,Popa,2026-09-22-Alexkite
2026-09-22 17:50:28.800,2026-09-22 17:32:44.479,37.747291,-0.82841,269.33,13.30476,280.19,-145.55,134.64,-36.74,-83.16,-10.97198,16,0.4199,55,3.809,-241.2,25.8623246784,-21.3277736032,Popa,2026-09-22-Alexkite
2026-09-22 17:50:29.800,2026-09-22 17:32:44.48,37.747313,-0.828555,269.45,13.21815,279.94,-145.3,134.64,-32.94,-83.48,-10.8674,16,0.4109,55,3.811,-241.2,25.693968696,-21.124486816,Popa,2026-09-22-Alexkite
2026-09-22 17:50:30.800,2026-09-22 17:32:44.48,37.747339,-0.828699,271.95,13.1162,281.48,-146.84,134.64,-34.86,-83.49,-10.98046,16,0.4089,55,3.811,-241.2,25.495794208,-21.3442573664,Popa,2026-09-22-Alexkite
2026-09-22 17:50:31.800,2026-09-22 17:32:44.48,37.747364,-0.828836,271.78,12.83702,282.68,-148.03,134.64,-28.02,-83.06,-10.89074,16,0.4028,55,3.812,-241.4,24.953112956800002,-21.1698560416,Popa,2026-09-22-Alexkite
2026-09-22 17:50:32.700,2026-09-22 17:32:44.48,37.747387,-0.828946,273.8,12.20406,282.96,-148.32,134.64,-13.71,-80.13,-10.38599,16,0.3938,55,3.809,-241.1,23.7227399904,-20.188702801599998,Popa,2026-09-22-Alexkite
2026-09-22 17:50:33.800,2026-09-22 17:32:44.48,37.747432,-0.829065,281.04,11.21103,285.66,-151.03,134.64,21.07,-79.85,-9.808248,16,0.3718,55,3.809,-241.1,21.7924485552,-19.065664792320003,Popa,2026-09-22-Alexkite
2026-09-22 17:50:34.800,2026-09-22 17:32:44.481,37.747498,-0.829134,307.51,10.56561,296.26,-161.61,134.64,26.63,-79.16,-10.02656,16,0.3618,55,3.809,-241.2,20.5378553424,-19.4900283904,Popa,2026-09-22-Alexkite
2026-09-22 17:50:35.800,2026-09-22 17:32:44.481,37.74757,-0.829172,331.28,9.187551,329.98,164.66,134.64,33.94,-78.18,-8.860052,16,0.3589,55,3.809,-241.2,17.85912913584,-17.22252347968,Popa,2026-09-22-Alexkite
2026-09-22 17:50:36.800,2026-09-22 17:32:44.481,37.74764,-0.829221,332.36,8.445337,334.35,160.3,134.64,35.03,-79.05,-7.950762,16,0.3589,55,3.809,-241.1,16.41638387408,-15.45500920608,Transición,2026-09-22-Alexkite
2026-09-22 17:50:37.800,2026-09-22 17:32:44.481,37.747722,-0.829255,335.85,9.171185,334.08,160.55,134.64,37.42,-76.27,-8.647901,15,0.3608,55,3.811,-241.2,17.8273162504,-16.810135879839997,Popa,2026-09-22-Alexkite
2026-09-22 17:50:38.800,2026-09-22 17:32:44.481,37.747812,-0.829267,349.93,9.601493,342.9,151.73,134.64,33.65,-74.6,-8.456052,16,0.3628,55,3.811,-241.4,18.66376615312,-16.437212119679998,Popa,2026-09-22-Alexkite
2026-09-22 17:50:39.800,2026-09-22 17:32:44.481,37.747904,-0.829263,341.58,10.23334,354.19,140.45,134.64,40.52,-71.61,-7.890419,16,0.3699,55,3.809,-241.4,19.8919756256,-15.33771206896,Popa,2026-09-22-Alexkite
2026-09-22 17:50:40.800,2026-09-22 17:32:44.482,37.747994,-0.829253,2.1,10.01178,6.62,128.02,134.64,35.72,-77.36,-6.166059,16,0.3699,55,3.809,-241.4,19.4612984352,-11.98583212656,Popa,2026-09-22-Alexkite
2026-09-22 17:50:41.800,2026-09-22 17:32:44.482,37.74807,-0.829196,329.41,10.24512,8.83,125.8,134.64,74.12,-33.4,-5.992983,15,0.377,55,3.811,-241.1,19.9148740608,-11.649400074719999,Popa,2026-09-22-Alexkite
2026-09-22 17:50:42.800,2026-09-22 17:32:44.482,37.748109,-0.829107,326.5,9.900046,31.61,103.03,134.64,74.38,-32.82,-2.231886,16,0.387,55,3.809,-241.1,19.24410541664,-4.33842928224,Través,2026-09-22-Alexkite
2026-09-22 17:50:43.800,2026-09-22 17:32:44.482,37.748125,-0.829017,347.77,8.505125,67.13,67.5,134.64,70.11,-37.94,3.254066,16,0.3879,55,3.809,-241.4,16.532602179999998,6.325383653439999,Transición,2026-09-22-Alexkite
2026-09-22 17:50:44.800,2026-09-22 17:32:44.482,37.748145,-0.828921,0.07,8.118432,78.03,56.6,134.64,69.15,-37.82,4.46855,16,0.387,55,3.812,-241.1,15.78093285888,8.686146231999999,Transición,2026-09-22-Alexkite
2026-09-22 17:50:45.800,2026-09-22 17:32:44.483,37.748166,-0.828813,1.45,9.220276,75.75,58.89,134.64,69.77,-37.68,4.764283,16,0.386,55,3.811,-241.2,17.922741299840002,9.26100386672,Ceñida,2026-09-22-Alexkite
2026-09-22 17:50:46.800,2026-09-22 17:32:44.483,37.748184,-0.828701,359.97,9.82718,76.53,58.1,134.64,72.04,-33.59,5.192911,16,0.3889,55,3.811,-241.1,19.1024655712,10.09418811824,Ceñida,2026-09-22-Alexkite
2026-09-22 17:50:47.800,2026-09-22 17:32:44.483,37.748195,-0.828586,2.56,9.990445,79.93,54.7,134.64,73.32,-34.48,5.772003,16,0.3948,55,3.809,-241.1,19.419826608799998,11.21985031152,Ceñida,2026-09-22-Alexkite
2026-09-22 17:50:48.800,2026-09-22 17:32:44.483,37.748199,-0.82847,5.95,10.17163,84.33,50.31,134.64,73.58,-31.76,6.496507,16,0.3979,55,3.809,-241.2,19.772021259200002,12.62817016688,Ceñida,2026-09-22-Alexkite
2026-09-22 17:50:49.800,2026-09-22 17:32:44.483,37.748199,-0.828353,9.05,10.18653,88.3,46.34,134.64,75.6,-30.35,7.032939,16,0.4028,55,3.811,-241.1,19.8009844752,13.67090814576,Ceñida,2026-09-22-Alexkite
2026-09-22 17:50:50.500,2026-09-22 17:32:44.483,37.748198,-0.82827,11.68,10.25596,90.2,44.44,134.64,75.2,-33.01,7.32287,16,0.4089,55,3.809,-241.1,19.9359452864,14.2344876208,Ceñida,2026-09-22-Alexkite
2026-09-22 17:50:51.800,2026-09-22 17:32:44.484,37.748194,-0.828118,13.47,10.24337,91.3,43.33,134.64,77.83,-30.58,7.45074,16,0.4158,55,3.811,-241.2,19.9114723408,14.483046441599999,Ceñida,2026-09-22-Alexkite
2026-09-22 17:50:52.800,2026-09-22 17:32:44.484,37.748194,-0.828,12.41,10.25047,91.79,42.84,134.64,78.12,-31.15,7.516298,16,0.4248,55,3.811,-241.2,19.9252736048,14.61048070432,Ceñida,2026-09-22-Alexkite
2026-09-22 17:50:53.800,2026-09-22 17:32:44.484,37.748191,-0.827881,12.09,10.45672,89.7,44.95,134.64,78.91,-33.19,7.401263,16,0.4238,55,3.811,-241.2,20.3261906048,14.38687106992,Ceñida,2026-09-22-Alexkite
2026-09-22 17:50:54.600,2026-09-22 17:32:44.484,37.74819,-0.827787,14.08,10.47475,91.09,43.55,134.64,78.54,-34.08,7.591903,15,0.4248,55,3.809,-241.2,20.36123804,14.757444727520001,Ceñida,2026-09-22-Alexkite
2026-09-22 17:50:55.800,2026-09-22 17:32:44.484,37.748186,-0.827645,14.59,10.38919,91.1,43.54,134.64,79.43,-36.53,7.531085,16,0.4299,55,3.809,-241.4,20.1949230896,14.6392242664,Ceñida,2026-09-22-Alexkite
2026-09-22 17:50:56.800,2026-09-22 17:32:44.485,37.748183,-0.827528,16.25,10.39956,92.23,42.41,134.64,80.17,-37.76,7.679006,16,0.4329,55,3.811,-241.2,20.2150807104,14.92675902304,Ceñida,2026-09-22-Alexkite
2026-09-22 17:50:57.800,2026-09-22 17:32:44.485,37.748179,-0.827409,16.59,10.35059,91.83,42.8,134.64,79.55,-35.75,7.593868,16,0.438,55,3.809,-241.4,20.119890865600002,14.76126437312,Ceñida,2026-09-22-Alexkite
2026-09-22 17:50:58.700,2026-09-22 17:32:44.485,37.748173,-0.827302,18.61,10.4477,92.93,41.72,134.64,79.87,-34.66,7.799213,16,0.4399,55,3.811,-241.2,20.308657168,15.16042219792,Ceñida,2026-09-22-Alexkite
2026-09-22 17:50:59.800,2026-09-22 17:32:44.485,37.748164,-0.827172,20.82,10.49297,94.02,40.62,134.64,79.55,-37.09,7.965052,16,0.4458,55,3.811,-241.4,20.3966548048,15.48278667968,Ceñida,2026-09-22-Alexkite
2026-09-22 17:51:00.800,2026-09-22 17:32:44.485,37.748156,-0.827053,21.9,10.47544,95.34,39.3,134.64,80.17,-35.57,8.106976,16,0.4509,55,3.809,-241.2,20.362579289600003,15.758664227839999,Ceñida,2026-09-22-Alexkite
2026-09-22 17:51:01.800,2026-09-22 17:32:44.485,37.748151,-0.826934,20.35,10.52503,94.1,40.53,134.64,78.6,-37.84,7.999445,16,0.4509,55,3.809,-241.4,20.4589743152,15.5496411688,Ceñida,2026-09-22-Alexkite
2026-09-22 17:51:02.800,2026-09-22 17:32:44.486,37.748151,-0.826811,18.89,10.56688,92.05,42.58,134.64,80.54,-34.67,7.779654,16,0.4509,55,3.811,-241.2,20.5403240192,15.12240263136,Ceñida,2026-09-22-Alexkite
2026-09-22 17:51:03.800,2026-09-22 17:32:44.486,37.748149,-0.826688,16.88,10.79016,90.72,43.91,134.64,79.86,-36.38,7.77287,16,0.4539,55,3.811,-241.1,20.9743446144,15.1092156208,Ceñida,2026-09-22-Alexkite
2026-09-22 17:51:04.800,2026-09-22 17:32:44.486,37.748143,-0.826566,17.86,10.84413,91.82,42.83,134.64,80.74,-33.59,7.953934,16,0.459,55,3.807,-241.4,21.0792536592,15.461175066560001,Ceñida,2026-09-22-Alexkite
2026-09-22 17:51:05.800,2026-09-22 17:32:44.486,37.748141,-0.826443,19.53,10.79107,92.4,42.23,134.64,55.15,-67.58,7.989298,16,0.4558,55,3.811,-241.2,20.976113508799997,15.52991702432,Ceñida,2026-09-22-Alexkite
2026-09-22 17:51:06.800,2026-09-22 17:32:44.486,37.748143,-0.826317,41.0,10.84173,90.4,44.23,134.64,78.87,-35.63,7.768128,16,0.4529,55,3.811,-241.2,21.0745884432,15.09999793152,Ceñida,2026-09-22-Alexkite
2026-09-22 17:51:07.800,2026-09-22 17:32:44.486,37.748146,-0.826193,13.85,11.01915,88.86,45.77,134.64,80.73,-33.5,7.686026,16,0.4578,55,3.809,-241.2,21.419464536,14.94040477984,Ceñida,2026-09-22-Alexkite
2026-09-22 17:51:08.800,2026-09-22 17:32:44.487,37.748156,-0.826068,11.44,10.92968,86.09,48.55,134.64,80.86,-38.94,7.23536,16,0.4568,55,3.809,-241.2,21.2455491712,14.0643821824,Ceñida,2026-09-22-Alexkite
2026-09-22 17:51:09.800,2026-09-22 17:32:44.487,37.748162,-0.825942,13.02,11.17305,86.32,48.32,134.64,75.63,-48.66,7.430055,16,0.4529,55,3.811,-241.2,21.718621512,14.4428381112,Ceñida,2026-09-22-Alexkite
2026-09-22 17:51:10.800,2026-09-22 17:32:44.487,37.748167,-0.825817,18.94,11.17866,86.55,48.08,134.64,80.4,-38.91,7.468109,16,0.4539,55,3.811,-241.4,21.729526454400002,14.51680899856,Ceñida,2026-09-22-Alexkite
2026-09-22 17:51:11.800,2026-09-22 17:32:44.487,37.748169,-0.825693,13.02,10.96589,87.1,47.53,134.64,80.95,-34.65,7.404294,16,0.4539,55,3.809,-241.4,21.3159356176,14.39276284896,Ceñida,2026-09-22-Alexkite
2026-09-22 17:51:12.800,2026-09-22 17:32:44.487,37.748167,-0.825573,14.82,10.80717,89.15,45.5,134.64,79.65,-40.05,7.576035,16,0.459,55,3.811,-241.4,21.0074093328,14.7265998744,Ceñida,2026-09-22-Alexkite
2026-09-22 17:51:13.800,2026-09-22 17:32:44.488,37.748161,-0.825456,19.33,10.49231,92.63,42.01,134.64,77.91,-41.33,7.795832,16,0.4619,55,3.811,-241.2,20.395371870399998,15.15385007488,Ceñida,2026-09-22-Alexkite
2026-09-22 17:51:14.800,2026-09-22 17:32:44.488,37.748148,-0.825341,24.35,10.20852,96.12,38.51,134.64,78.63,-41.34,7.988275,16,0.459,55,3.809,-241.4,19.8437295168,15.527928476,Ceñida,2026-09-22-Alexkite
2026-09-22 17:51:15.800,2026-09-22 17:32:44.488,37.748136,-0.825231,36.87,10.10781,97.85,36.78,134.64,71.83,-53.53,8.095321,16,0.4639,55,3.809,-241.4,19.647965390400003,15.73600877264,Ceñida,2026-09-22-Alexkite
2026-09-22 17:51:16.800,2026-09-22 17:32:44.488,37.748129,-0.825123,62.88,9.73647,96.94,37.71,134.64,79.85,-44.47,7.703642,16,0.4658,55,3.811,-241.1,18.9261398448,14.97464746528,Ceñida,2026-09-22-Alexkite
2026-09-22 17:51:17.800,2026-09-22 17:32:44.489,37.74811,-0.825029,23.83,9.235672,95.96,38.67,134.64,63.01,-61.42,7.210236,16,0.4658,55,3.811,-241.4,17.952668660479997,14.015545146240001,Ceñida,2026-09-22-Alexkite
2026-09-22 17:51:18.800,2026-09-22 17:32:44.489,37.748074,-0.82498,116.34,7.788126,112.43,22.2,134.64,36.86,-76.9,7.210402,16,0.4409,55,3.809,-241.5,15.13887084384,14.01586782368,Transición,2026-09-22-Alexkite
2026-09-22 17:51:19.800,2026-09-22 17:32:44.489,37.748031,-0.824969,163.27,5.862311,132.36,2.27,134.64,-6.04,-72.29,5.857686,16,0.4148,55,3.809,-241.2,11.39539461424,11.38640435424,Transición,2026-09-22-Alexkite
2026-09-22 17:51:20.800,2026-09-22 17:32:44.489,37.747981,-0.824974,189.56,5.157803,175.01,-40.38,134.64,-28.63,-68.59,3.929306,16,0.396,55,3.811,-241.4,10.02594378352,7.63794217504,Transición,2026-09-22-Alexkite
2026-09-22 17:51:21.800,2026-09-22 17:32:44.49,37.747924,-0.824983,204.41,5.879881,185.62,-50.98,134.64,-64.91,-38.0,3.701854,16,0.397,55,3.811,-241.2,11.42954788304,7.19581187936,Transición,2026-09-22-Alexkite
2026-09-22 17:51:22.800,2026-09-22 17:32:44.49,37.747859,-0.824997,261.48,6.621192,187.39,-52.75,134.64,-72.75,-30.48,4.007735,16,0.4058,55,3.811,-241.1,12.87053785728,7.7903956024,Transición,2026-09-22-Alexkite
2026-09-22 17:51:23.800,2026-09-22 17:32:44.49,37.747785,-0.825004,259.77,7.462049,188.4,-53.76,134.64,-73.05,-34.78,4.411328,16,0.418,55,3.807,-241.2,14.505029328160001,8.574915819520001,Transición,2026-09-22-Alexkite
2026-09-22 17:51:24.800,2026-09-22 17:32:44.49,37.747706,-0.825001,252.18,8.20643,183.82,-49.19,134.64,-74.57,-34.14,5.364148,16,0.429,55,3.811,-241.1,15.951986891199999,10.42704544832,Transición,2026-09-22-Alexkite
2026-09-22 17:51:25.800,2026-09-22 17:32:44.49,37.747623,-0.824997,246.47,8.946647,177.7,-43.07,134.64,-76.54,-35.63,6.536201,16,0.4419,55,3.811,-241.4,17.39085030448,12.70532895184,Ceñida,2026-09-22-Alexkite
2026-09-22 17:51:26.800,2026-09-22 17:32:44.49,37.747537,-0.824989,244.63,9.522248,177.08,-42.44,134.64,-78.53,-36.56,7.026704,16,0.4509,55,3.811,-241.2,18.50972655232,13.65878830336,Ceñida,2026-09-22-Alexkite
2026-09-22 17:51:27.800,2026-09-22 17:32:44.491,37.747449,-0.824982,244.1,9.600084,175.78,-41.15,134.64,-77.41,-36.61,7.229777,16,0.4578,55,3.811,-241.4,18.661027282560003,14.05352972368,Ceñida,2026-09-22-Alexkite
2026-09-22 17:51:28.800,2026-09-22 17:32:44.491,37.747361,-0.824974,241.92,9.75047,176.15,-41.52,134.64,-79.38,-36.29,7.300908,16,0.4639,55,3.807,-241.2,18.9533536048,14.19179700672,Ceñida,2026-09-22-Alexkite
2026-09-22 17:51:29.800,2026-09-22 17:32:44.491,37.74727,-0.824966,243.13,9.974244,175.6,-40.97,134.64,-79.36,-38.35,7.531231,16,0.4758,55,3.809,-241.4,19.388334456960003,14.63950806704,Ceñida,2026-09-22-Alexkite
2026-09-22 17:51:30.800,2026-09-22 17:32:44.491,37.74718,-0.824955,241.81,10.07286,174.56,-39.93,134.64,-79.48,-36.64,7.724822,16,0.4858,55,3.812,-241.1,19.5800281824,15.01581799648,Ceñida,2026-09-22-Alexkite
2026-09-22 17:51:31.500,2026-09-22 17:32:44.491,37.747118,-0.824946,241.01,10.06288,174.46,-39.83,134.64,-80.43,-36.03,7.72854,16,0.491,55,3.811,-241.1,19.5606286592,15.0230451936,Ceñida,2026-09-22-Alexkite
2026-09-22 17:51:32.800,2026-09-22 17:32:44.492,37.747001,-0.824931,240.39,10.03557,173.55,-39.1,134.45,-78.83,-39.22,7.788467,16,0.4958,55,3.811,-241.5,19.5075423888,15.139533693279999,Ceñida,2026-09-22-Alexkite
2026-09-22 17:51:33.800,2026-09-22 17:32:44.492,37.746912,-0.824921,241.95,10.04238,174.57,-40.11,134.45,-80.17,-38.0,7.680548,16,0.4988,55,3.809,-241.2,19.5207799392,14.92975642432,Ceñida,2026-09-22-Alexkite
2026-09-22 17:51:34.800,2026-09-22 17:32:44.492,37.746822,-0.824909,243.81,10.0595,174.69,-40.23,134.45,-81.84,-38.57,7.679837,16,0.5029,55,3.809,-241.2,19.55405848,14.92837435408,Ceñida,2026-09-22-Alexkite
2026-09-22 17:51:35.600,2026-09-22 17:32:44.492,37.746751,-0.8249,242.89,10.06835,173.67,-39.21,134.45,-81.26,-41.15,7.801105,16,0.5039,55,3.811,-241.2,19.571261464000003,15.1640999432,Ceñida,2026-09-22-Alexkite
2026-09-22 17:51:36.800,2026-09-22 17:32:44.492,37.746643,-0.824889,244.96,9.954994,175.06,-40.61,134.45,-81.81,-39.1,7.557321,16,0.5068,55,3.811,-241.4,19.35091553696,14.69022285264,Ceñida,2026-09-22-Alexkite
2026-09-22 17:51:37.800,2026-09-22 17:32:44.493,37.746554,-0.824882,245.49,9.991918,175.71,-41.25,134.45,-82.11,-37.31,7.511525,16,0.5078,55,3.811,-241.4,19.42268988512,14.601202756,Ceñida,2026-09-22-Alexkite
2026-09-22 17:51:38.800,2026-09-22 17:32:44.493,37.746466,-0.824873,245.09,9.889061,175.72,-41.27,134.45,-82.21,-37.13,7.433054,16,0.5127,55,3.809,-241.2,19.22275233424,14.44866768736,Ceñida,2026-09-22-Alexkite
2026-09-22 17:51:39.700,2026-09-22 17:32:44.493,37.746388,-0.824865,244.18,9.738827,174.91,-40.46,134.45,-81.92,-38.06,7.40997,16,0.5127,55,3.809,-241.4,18.930721475680002,14.403796084800002,Ceñida,2026-09-22-Alexkite
2026-09-22 17:51:40.800,2026-09-22 17:32:44.493,37.74629,-0.824857,247.08,9.791211,175.52,-41.07,134.45,-83.13,-36.56,7.382294,16,0.5137,55,3.811,-241.2,19.03254759024,14.34999836896,Ceñida,2026-09-22-Alexkite
2026-09-22 17:51:41.800,2026-09-22 17:32:44.494,37.746202,-0.824851,246.83,9.917443,176.07,-41.62,134.45,-81.52,-37.32,7.414159,16,0.5176,55,3.809,-241.2,19.27792240112,14.411938830559999,Ceñida,2026-09-22-Alexkite
2026-09-22 17:51:42.800,2026-09-22 17:32:44.494,37.746112,-0.824847,249.07,9.805271,177.62,-43.17,134.45,-82.61,-35.99,7.151227,16,0.521,55,3.811,-241.4,19.05987798064,13.900841091679998,Ceñida,2026-09-22-Alexkite
2026-09-22 17:51:43.800,2026-09-22 17:32:44.494,37.746021,-0.82484,249.62,10.07861,177.58,-43.12,134.45,-83.58,-38.63,7.356735,16,0.5278,55,3.811,-241.2,19.5912052624,14.300315762399999,Ceñida,2026-09-22-Alexkite
2026-09-22 17:51:44.800,2026-09-22 17:32:44.494,37.745933,-0.824838,239.63,10.07948,176.79,-42.33,134.45,-77.24,-48.69,7.451689,16,0.5229,55,3.811,-241.4,19.5928964032,14.48489114576,Ceñida,2026-09-22-Alexkite
2026-09-22 17:51:45.800,2026-09-22 17:32:44.494,37.745843,-0.824839,237.95,10.02308,179.61,-45.16,134.45,-78.24,-42.06,7.067981,16,0.5195,55,3.811,-241.1,19.483263827200002,13.73902418704,Ceñida,2026-09-22-Alexkite
2026-09-22 17:51:46.800,2026-09-22 17:32:44.495,37.745753,-0.82484,252.62,10.01359,180.35,-45.89,134.45,-80.21,-37.46,6.969977,16,0.5229,55,3.811,-241.2,19.4648167856,13.54852009168,Ceñida,2026-09-22-Alexkite
2026-09-22 17:51:47.800,2026-09-22 17:32:44.495,37.745665,-0.824841,250.8,9.932385,179.74,-45.29,134.45,-82.69,-38.33,6.987594,16,0.5249,55,3.811,-241.5,19.3069672584,13.58276472096,Ceñida,2026-09-22-Alexkite
2026-09-22 17:51:48.800,2026-09-22 17:32:44.495,37.74558,-0.824838,254.8,9.743503,180.43,-45.98,134.45,-85.07,-37.01,6.771331,16,0.5249,55,3.811,-241.2,18.939810871520002,13.16238405104,Ceñida,2026-09-22-Alexkite
2026-09-22 17:51:49.800,2026-09-22 17:32:44.495,37.745507,-0.824825,246.4,8.9506,176.71,-42.25,134.45,-45.57,-75.43,6.624804,16,0.5166,55,3.811,-241.2,17.398534304,12.87755900736,Ceñida,2026-09-22-Alexkite
2026-09-22 17:51:50.800,2026-09-22 17:32:44.495,37.745459,-0.824794,154.92,7.152028,164.72,-30.28,134.45,-28.03,-83.36,6.176605,15,0.502,55,3.811,-241.2,13.90239810752,12.006331863200002,Transición,2026-09-22-Alexkite
2026-09-22 17:51:51.800,2026-09-22 17:32:44.496,37.745439,-0.824749,123.36,5.634492,147.55,-13.11,134.45,8.33,-79.5,5.487796,16,0.4829,55,3.809,-241.5,10.95255092928,10.66739737664,Transición,2026-09-22-Alexkite
2026-09-22 17:51:52.800,2026-09-22 17:32:44.496,37.745435,-0.824691,98.8,4.688585,116.27,18.18,134.45,30.28,-68.39,4.454473,16,0.448,55,3.809,-241.1,9.1138590664,8.65878279632,Transición,2026-09-22-Alexkite
2026-09-22 17:51:53.800,2026-09-22 17:32:44.496,37.745443,-0.82463,89.07,5.150692,90.33,44.12,134.45,52.36,-46.8,3.697368,16,0.428,55,3.807,-241.4,10.012121137280001,7.18709181312,Transición,2026-09-22-Alexkite
2026-09-22 17:51:54.800,2026-09-22 17:32:44.496,37.745455,-0.824551,12.31,5.979804,75.88,58.56,134.45,63.33,-49.63,3.118708,16,0.4189,55,3.807,-241.4,11.62378220736,6.06226935872,Transición,2026-09-22-Alexkite
2026-09-22 17:51:55.799,2026-09-22 17:32:44.496,37.745469,-0.824462,41.6,7.37142,78.09,56.35,134.45,69.52,-37.59,4.084038,15,0.4158,55,3.809,-241.4,14.328861052799999,7.938716425919999,Transición,2026-09-22-Alexkite
2026-09-22 17:51:56.799,2026-09-22 17:32:44.496,37.745479,-0.824367,7.36,8.001916,78.98,55.47,134.45,71.67,-37.38,4.535276,16,0.4128,55,3.809,-241.2,15.55444439744,8.81585089984,Transición,2026-09-22-Alexkite
2026-09-22 17:51:57.799,2026-09-22 17:32:44.497,37.745487,-0.824262,6.43,8.60479,82.92,51.54,134.45,75.92,-31.7,5.352624,16,0.4138,55,3.809,-241.5,16.7263349936,10.404644636159999,Transición,2026-09-22-Alexkite
2026-09-22 17:51:58.799,2026-09-22 17:32:44.497,37.745491,-0.824151,7.37,9.412321,85.71,48.75,134.45,75.39,-31.6,6.206912,16,0.4209,55,3.809,-241.4,18.29604605264,12.06524382208,Ceñida,2026-09-22-Alexkite
2026-09-22 17:51:59.799,2026-09-22 17:32:44.497,37.745498,-0.824036,8.78,9.823973,86.87,47.58,134.45,77.72,-32.13,6.626842,16,0.4229,55,3.811,-241.2,19.096231676320002,12.88152055328,Ceñida,2026-09-22-Alexkite
2026-09-22 17:52:00.799,2026-09-22 17:32:44.497,37.745508,-0.823921,7.41,9.979313,85.97,48.48,134.45,77.34,-32.72,6.615225,16,0.4209,55,3.811,-241.5,19.398187781919997,12.858938964,Ceñida,2026-09-22-Alexkite
2026-09-22 17:52:01.799,2026-09-22 17:32:44.497,37.745529,-0.823802,2.36,10.16132,82.99,51.46,134.45,75.85,-37.26,6.330616,16,0.4238,55,3.811,-241.2,19.7519802688,12.30570460544,Ceñida,2026-09-22-Alexkite
2026-09-22 17:52:02.799,2026-09-22 17:32:44.497,37.745565,-0.823682,23.03,10.98818,75.19,59.26,134.45,26.23,-71.69,5.61707,16,0.4048,55,3.809,-241.2,21.359263811199998,10.9186853488,Ceñida,2026-09-22-Alexkite
2026-09-22 17:52:03.799,2026-09-22 17:32:44.498,37.745636,-0.823592,58.43,11.34399,59.5,74.94,134.45,-4.35,-71.73,2.946657,16,0.3879,55,3.809,-241.2,22.0509015216,5.72782974288,Través,2026-09-22-Alexkite
2026-09-22 17:52:04.799,2026-09-22 17:32:44.498,37.745739,-0.82355,26.2,11.44931,41.49,92.97,134.45,12.68,-70.11,-0.5927565,16,0.376,55,3.809,-241.4,22.2556267504,-1.15222379496,Través,2026-09-22-Alexkite
2026-09-22 17:52:05.799,2026-09-22 17:32:44.498,37.745845,-0.823527,15.99,11.93198,19.16,115.29,134.45,34.36,-71.57,-5.097505,16,0.366,54,3.807,-241.5,23.193860003199998,-9.9087341192,Popa,2026-09-22-Alexkite
2026-09-22 17:52:06.799,2026-09-22 17:32:44.498,37.745955,-0.82352,14.55,11.89265,7.86,126.6,134.45,47.62,-67.13,-7.090274,16,0.3608,55,3.809,-241.4,23.117408776,-13.78235821216,Popa,2026-09-22-Alexkite
2026-09-22 17:52:07.799,2026-09-22 17:32:44.498,37.746071,-0.823518,349.86,12.58066,1.24,133.21,134.45,51.27,-63.74,-8.613314,16,0.3608,55,3.809,-241.4,24.4547901344,-16.74290428576,Popa,2026-09-22-Alexkite
2026-09-22 17:52:08.799,2026-09-22 17:32:44.499,37.74619,-0.82352,351.65,12.90036,0.81,133.64,134.45,37.6,-75.93,-8.903728,16,0.3608,55,3.811,-241.4,25.076235782399998,-17.30742263552,Popa,2026-09-22-Alexkite
2026-09-22 17:52:09.799,2026-09-22 17:32:44.499,37.746307,-0.82353,7.2,13.20306,358.91,135.54,134.45,28.87,-76.29,-9.423071,16,0.3569,55,3.809,-241.2,25.6646361504,-18.31694233264,Popa,2026-09-22-Alexkite
2026-09-22 17:52:10.799,2026-09-22 17:32:44.499,37.746412,-0.823553,2.16,12.62465,353.41,141.05,134.45,30.3,-76.08,-9.817769,16,0.3579,55,3.811,-241.2,24.540299656000002,-19.08417209296,Popa,2026-09-22-Alexkite
2026-09-22 17:52:11.799,2026-09-22 17:32:44.499,37.746507,-0.823593,358.97,11.43898,347.4,147.06,134.45,2.1,-77.34,-9.599178,16,0.356,55,3.807,-241.4,22.2355468832,-18.65926616352,Popa,2026-09-22-Alexkite
2026-09-22 17:52:12.499,2026-09-22 17:32:44.499,37.746564,-0.823628,344.64,11.01336,340.83,153.63,134.45,-16.64,-76.39,-9.866992,15,0.356,55,3.807,-241.4,21.4082097024,-19.17985372928,Popa,2026-09-22-Alexkite
2026-09-22 17:52:13.799,2026-09-22 17:32:44.499,37.746646,-0.823717,333.23,9.880489,328.07,166.38,134.45,-25.47,-71.31,-9.60278,16,0.3669,55,3.811,-241.4,19.206089737760003,-18.6662678752,Popa,2026-09-22-Alexkite
2026-09-22 17:52:14.799,2026-09-22 17:32:44.5,37.746685,-0.8238,313.35,8.694394,307.52,-173.06,134.45,-27.27,-69.52,-8.630701,16,0.3779,55,3.807,-241.2,16.900510832960002,-16.77670183184,Transición,2026-09-22-Alexkite
2026-09-22 17:52:15.799,2026-09-22 17:32:44.5,37.746716,-0.823887,303.76,8.220556,297.15,-162.69,134.45,-31.38,-71.31,-7.848195,16,0.3899,54,3.807,-241.2,15.97944557504,-15.2556353688,Transición,2026-09-22-Alexkite
2026-09-22 17:52:16.599,2026-09-22 17:32:44.5,37.746734,-0.823968,297.41,8.56714,293.68,-159.23,134.45,-37.61,-70.79,-8.010566,16,0.4019,55,3.807,-241.4,16.6531494176,-15.571258613440001,Transición,2026-09-22-Alexkite
2026-09-22 17:52:17.799,2026-09-22 17:32:44.5,37.746748,-0.824108,285.97,9.788608,282.36,-147.9,134.45,-32.02,-72.05,-8.292174,16,0.4009,55,3.809,-241.4,19.02748777472,-16.11865950816,Popa,2026-09-22-Alexkite
2026-09-22 17:52:18.799,2026-09-22 17:32:44.5,37.746756,-0.82424,281.35,10.89321,274.93,-140.49,134.45,-45.75,-63.22,-8.403342,16,0.3928,55,3.809,-241.1,21.1746573264,-16.33475231328,Popa,2026-09-22-Alexkite
2026-09-22 17:52:19.799,2026-09-22 17:32:44.501,37.746761,-0.824376,285.8,11.75088,273.27,-138.82,134.45,-32.62,-71.89,-8.84408,16,0.397,55,3.811,-241.2,22.8418305792,-17.1914764672,Popa,2026-09-22-Alexkite
2026-09-22 17:52:20.699,2026-09-22 17:32:44.501,37.74677,-0.824504,279.39,12.23658,274.77,-140.32,134.45,-38.49,-74.35,-9.417148,16,0.4019,55,3.809,-241.4,23.7859536672,-18.305428968319998,Popa,2026-09-22-Alexkite
2026-09-22 17:52:21.799,2026-09-22 17:32:44.501,37.746783,-0.824665,276.55,12.61924,275.19,-140.74,134.45,-34.86,-74.84,-9.770797,16,0.4028,55,3.809,-241.4,24.5297834816,-18.99286604048,Popa,2026-09-22-Alexkite
2026-09-22 17:52:22.799,2026-09-22 17:32:44.501,37.746798,-0.824816,277.83,13.06143,276.96,-142.51,134.45,-37.94,-77.77,-10.36367,16,0.4048,55,3.809,-241.5,25.389330091199998,-20.1453162928,Popa,2026-09-22-Alexkite
2026-09-22 17:52:23.799,2026-09-22 17:32:44.501,37.74681,-0.824967,274.82,13.43743,276.36,-141.91,134.45,-40.66,-79.32,-10.57576,16,0.4158,55,3.811,-241.5,26.120213931200002,-20.5575853184,Popa,2026-09-22-Alexkite
2026-09-22 17:52:24.799,2026-09-22 17:32:44.502,37.746826,-0.825121,273.83,13.49189,276.8,-142.34,134.45,-42.07,-80.16,-10.6809,16,0.418,55,3.807,-241.2,26.2260754576,-20.761960656,Popa,2026-09-22-Alexkite
2026-09-22 17:52:25.799,2026-09-22 17:32:44.502,37.746842,-0.825276,272.23,13.66786,277.5,-143.05,134.45,-41.4,-80.54,-10.92202,16,0.4268,55,3.809,-241.2,26.568132982399998,-21.2306593568,Popa,2026-09-22-Alexkite
2026-09-22 17:52:26.799,2026-09-22 17:32:44.502,37.746857,-0.825427,290.49,13.50024,277.3,-142.85,134.45,-36.08,-79.72,-10.76026,16,0.429,55,3.809,-241.2,26.2423065216,-20.9162237984,Popa,2026-09-22-Alexkite
2026-09-22 17:52:27.799,2026-09-22 17:32:44.502,37.746876,-0.825579,274.62,13.5224,278.31,-143.86,134.45,-63.39,-56.34,-10.92102,16,0.429,55,3.811,-241.2,26.285382016,-21.2287155168,Popa,2026-09-22-Alexkite
2026-09-22 17:52:28.799,2026-09-22 17:32:44.502,37.74689,-0.825732,305.96,13.51768,277.96,-143.51,134.45,-54.35,-68.7,-10.86731,16,0.4329,55,3.809,-241.4,26.2762070912,-21.1243118704,Popa,2026-09-22-Alexkite
2026-09-22 17:52:29.799,2026-09-22 17:32:44.502,37.746901,-0.825882,307.04,13.48661,276.34,-141.88,134.45,-41.87,-79.17,-10.61014,16,0.4348,55,3.809,-241.2,26.2158119824,-20.6244145376,Popa,2026-09-22-Alexkite
2026-09-22 17:52:30.799,2026-09-22 17:32:44.503,37.746913,-0.826033,268.83,13.36135,275.82,-141.37,134.45,-41.68,-81.86,-10.43661,16,0.4319,55,3.811,-241.2,25.972326584,-20.2870999824,Popa,2026-09-22-Alexkite
2026-09-22 17:52:31.799,2026-09-22 17:32:44.503,37.746922,-0.826183,300.06,13.29666,275.19,-140.74,134.45,-49.8,-75.23,-10.29529,16,0.438,55,3.809,-241.1,25.8465795744,-20.0123965136,Popa,2026-09-22-Alexkite
2026-09-22 17:52:32.799,2026-09-22 17:32:44.503,37.746933,-0.826332,270.23,13.19526,274.51,-140.06,134.45,-42.49,-82.83,-10.11717,16,0.4468,55,3.809,-241.4,25.6494741984,-19.6661597328,Popa,2026-09-22-Alexkite
2026-09-22 17:52:33.799,2026-09-22 17:32:44.503,37.746945,-0.82648,265.54,13.22001,275.79,-141.33,134.45,-38.56,-81.91,-10.32267,16,0.4438,55,3.809,-241.5,25.6975842384,-20.0656188528,Popa,2026-09-22-Alexkite
2026-09-22 17:52:34.799,2026-09-22 17:32:44.503,37.746967,-0.826629,269.01,13.08404,277.83,-143.38,134.45,-40.89,-82.03,-10.50064,16,0.4338,55,3.809,-241.5,25.4332803136,-20.4115640576,Popa,2026-09-22-Alexkite
2026-09-22 17:52:35.799,2026-09-22 17:32:44.503,37.746985,-0.826781,306.17,13.56863,280.32,-145.87,134.45,-53.75,-70.59,-11.23192,16,0.4238,55,3.807,-241.5,26.3752457392,-21.8330553728,Popa,2026-09-22-Alexkite
2026-09-22 17:52:36.799,2026-09-22 17:32:44.504,37.747006,-0.826934,278.7,13.60573,278.35,-143.9,134.45,-51.4,-70.02,-10.99302,16,0.4248,55,3.809,-241.5,26.447362203199997,-21.3686719968,Popa,2026-09-22-Alexkite
2026-09-22 17:52:37.699,2026-09-22 17:32:44.504,37.747024,-0.827073,300.95,13.69499,279.46,-145.0,134.45,-44.49,-80.5,-11.21869,16,0.4248,55,3.809,-241.4,26.6208693616,-21.8073383696,Popa,2026-09-22-Alexkite
2026-09-22 17:52:38.799,2026-09-22 17:32:44.504,37.747043,-0.827241,304.98,13.70194,279.04,-144.58,134.45,-60.03,-65.46,-11.16717,16,0.4329,55,3.807,-241.4,26.6343790496,-21.707191732800002,Popa,2026-09-22-Alexkite
2026-09-22 17:52:39.799,2026-09-22 17:32:44.504,37.747063,-0.827396,286.62,13.65226,278.29,-143.84,134.45,-42.72,-81.77,-11.02195,16,0.429,55,3.809,-241.2,26.5378090784,-21.424907288,Popa,2026-09-22-Alexkite
2026-09-22 17:52:40.799,2026-09-22 17:32:44.505,37.747078,-0.82755,310.89,13.85539,278.8,-144.35,134.45,-48.3,-78.41,-11.2586,16,0.4338,55,3.807,-241.4,26.9326612976,-21.884917024,Popa,2026-09-22-Alexkite
2026-09-22 17:52:41.799,2026-09-22 17:32:44.505,37.7471,-0.827699,305.26,13.60968,277.06,-142.61,134.45,-47.08,-74.46,-10.81334,16,0.439,55,3.809,-241.1,26.455040371200003,-21.0194028256,Popa,2026-09-22-Alexkite
2026-09-22 17:52:42.799,2026-09-22 17:32:44.505,37.747121,-0.827846,276.71,13.3599,279.7,-145.24,134.45,-36.78,-82.36,-10.97655,16,0.4268,55,3.811,-241.5,25.969508016,-21.336656952,Popa,2026-09-22-Alexkite
2026-09-22 17:52:43.799,2026-09-22 17:32:44.505,37.747145,-0.827995,272.51,13.35847,281.16,-146.7,134.45,-36.94,-82.13,-11.16625,16,0.4199,55,3.809,-241.4,25.966728324800002,-21.705403399999998,Popa,2026-09-22-Alexkite
2026-09-22 17:52:44.799,2026-09-22 17:32:44.505,37.747175,-0.828142,273.63,13.28285,282.49,-148.03,134.45,-42.88,-83.66,-11.26845,16,0.4148,55,3.809,-241.4,25.819735144,-21.904063848,Popa,2026-09-22-Alexkite
2026-09-22 17:52:45.799,2026-09-22 17:32:44.506,37.747205,-0.828286,299.94,13.33777,284.88,-150.43,134.45,-40.5,-81.35,-11.6005,16,0.4148,55,3.811,-241.2,25.926490836800003,-22.54951592,Popa,2026-09-22-Alexkite
2026-09-22 17:52:46.799,2026-09-22 17:32:44.506,37.747244,-0.828425,278.71,13.08388,286.59,-152.13,134.45,-36.78,-82.38,-11.56652,16,0.4089,55,3.811,-241.4,25.4329692992,-22.4834642368,Popa,2026-09-22-Alexkite
2026-09-22 17:52:47.799,2026-09-22 17:32:44.506,37.74728,-0.828564,279.3,13.02338,289.54,-155.09,134.45,-39.15,-82.7,-11.81206,16,0.4109,55,3.809,-241.4,25.3153669792,-22.9607547104,Popa,2026-09-22-Alexkite
2026-09-22 17:52:48.799,2026-09-22 17:32:44.506,37.747318,-0.828698,277.76,12.67224,288.16,-153.71,134.45,-41.74,-83.67,-11.36153,16,0.4128,55,3.807,-241.5,24.6328070016,-22.0849964752,Popa,2026-09-22-Alexkite
2026-09-22 17:52:49.799,2026-09-22 17:32:44.506,37.747348,-0.828826,278.49,12.45774,289.64,-155.19,134.45,-38.17,-84.33,-11.30731,16,0.4209,55,3.809,-241.4,24.215853321599997,-21.9796014704,Popa,2026-09-22-Alexkite
2026-09-22 17:52:50.799,2026-09-22 17:32:44.507,37.747377,-0.828939,275.68,11.47328,286.95,-152.49,134.45,-22.14,-80.53,-10.17626,16,0.4128,55,3.809,-241.4,22.3022205952,-19.781021238399997,Popa,2026-09-22-Alexkite
2026-09-22 17:52:51.799,2026-09-22 17:32:44.507,37.747416,-0.829042,282.13,10.0309,290.77,-156.32,134.45,7.7,-80.74,-9.18644,16,0.4019,55,3.809,-241.5,19.498464656000003,-17.856969529599997,Popa,2026-09-22-Alexkite
2026-09-22 17:52:52.799,2026-09-22 17:32:44.507,37.747476,-0.829113,301.3,9.845151,302.43,-167.98,134.45,23.12,-78.53,-9.629017,16,0.387,55,3.811,-241.2,19.13739831984,-18.71726840528,Popa,2026-09-22-Alexkite
2026-09-22 17:52:53.499,2026-09-22 17:32:44.507,37.747528,-0.829135,330.47,9.119449,319.74,174.71,134.45,14.07,-79.05,-9.080574,16,0.376,55,3.809,-241.5,17.72674974416,-17.65118296416,Popa,2026-09-22-Alexkite
2026-09-22 17:52:54.799,2026-09-22 17:32:44.508,37.747614,-0.829186,332.4,8.337039,339.08,155.37,134.45,24.91,-77.13,-7.578697,16,0.3628,55,3.807,-241.2,16.205869889760002,-14.73177437648,Transición,2026-09-22-Alexkite
2026-09-22 17:52:55.799,2026-09-22 17:32:44.508,37.747686,-0.829226,327.37,8.267906,331.24,163.22,134.45,31.45,-75.47,-7.91555,16,0.3579,55,3.811,-241.2,16.07148639904,-15.386562712,Transición,2026-09-22-Alexkite
2026-09-22 17:52:56.699,2026-09-22 17:32:44.508,37.74776,-0.829251,339.65,8.886601,338.62,155.83,134.45,30.81,-73.89,-8.107862,16,0.3618,55,3.809,-241.4,17.27413048784,-15.760386470080002,Popa,2026-09-22-Alexkite
2026-09-22 17:52:57.599,2026-09-22 17:32:44.508,37.747839,-0.829262,349.44,9.517142,346.94,147.52,134.45,33.81,-75.37,-8.028028,16,0.366,55,3.809,-241.4,18.49980130528,-15.605201947520001,Popa,2026-09-22-Alexkite
2026-09-22 17:52:58.799,2026-09-22 17:32:44.509,37.747946,-0.829254,358.45,9.909127,358.45,136.0,134.45,24.57,-73.84,-7.128278,16,0.3638,55,3.809,-241.5,19.26175742768,-13.85623190752,Popa,2026-09-22-Alexkite
2026-09-22 17:52:59.799,2026-09-22 17:32:44.509,37.748031,-0.829236,1.87,9.727979,5.9,128.55,134.45,22.96,-75.52,-6.062798,16,0.3589,55,3.811,-241.4,18.909634699359998,-11.785109264319999,Popa,2026-09-22-Alexkite
2026-09-22 17:53:00.799,2026-09-22 17:32:44.509,37.748108,-0.829194,11.54,9.409167,15.23,119.23,134.45,25.43,-77.36,-4.593627,16,0.3569,55,3.807,-241.4,18.28991518128,-8.92927590768,Popa,2026-09-22-Alexkite
2026-09-22 17:53:01.699,2026-09-22 17:32:44.509,37.748168,-0.829139,23.97,9.257762,28.19,106.26,134.45,21.01,-73.08,-2.592663,16,0.3499,55,3.809,-241.4,17.99560808608,-5.03972204592,Través,2026-09-22-Alexkite
